Date,Open,High,Low,Close,Volume
2025-03-13,2.84,3.03,2.84,2.9,4251826
2025-03-12,2.89,2.98,2.8,2.87,3444800
2025-03-11,2.9,2.92,2.73,2.82,5163200
2025-03-10,2.95,3.06,2.87,2.91,5950400
2025-03-07,2.95,3.07,2.91,3.0,4124400
2025-03-06,3.02,3.16,2.95,2.99,4007300
2025-03-05,3.05,3.1,2.93,3.06,5015900
2025-03-04,2.8,3.17,2.7,3.02,8908400
2025-03-03,3.2,3.25,2.8,2.85,8632800
2025-02-28,3.12,3.51,3.05,3.29,13128000
2025-02-27,3.0,3.12,2.84,2.86,5396600
2025-02-26,3.13,3.16,2.95,3.0,4275200
2025-02-25,3.2,3.23,2.95,3.03,6135900
2025-02-24,3.4,3.44,3.2,3.22,4240700
2025-02-21,3.66,3.75,3.4,3.42,5166200
2025-02-20,3.89,3.93,3.55,3.64,6351000
2025-02-19,3.4,4.27,3.37,3.9,18618500
2025-02-18,3.64,3.74,3.35,3.35,5538500
2025-02-14,3.38,3.93,3.36,3.62,9757700
2025-02-13,3.26,3.39,3.23,3.32,2708900
2025-02-12,3.07,3.28,3.07,3.24,3023000
2025-02-11,3.34,3.35,3.15,3.17,3766600
2025-02-10,3.42,3.44,3.27,3.39,3387600
2025-02-07,3.34,3.46,3.19,3.36,4254900
2025-02-06,3.2,3.32,3.13,3.31,3345200
2025-02-05,3.19,3.32,3.12,3.19,4572500
2025-02-04,3.18,3.24,3.12,3.19,2697200
2025-02-03,3.26,3.31,3.11,3.2,4474200
2025-01-31,3.45,3.65,3.36,3.45,5943100
2025-01-30,3.18,3.49,3.08,3.47,6263600
2025-01-29,3.15,3.72,3.1,3.16,14347300
2025-01-28,3.12,3.13,2.91,3.08,3462600
2025-01-27,3.07,3.27,3.06,3.13,7534100
2025-01-24,3.08,3.25,2.95,3.17,5107500
2025-01-23,3.22,3.29,3.07,3.12,4247400
2025-01-22,3.23,3.35,3.06,3.22,5480700
2025-01-21,2.97,3.25,2.82,3.22,7653800
2025-01-17,3.2,3.3,2.93,2.94,11811600
2025-01-16,2.41,3.05,2.4,3.04,19786200
2025-01-15,2.44,2.49,2.32,2.39,4377700
2025-01-14,2.49,2.54,2.28,2.32,6068100
2025-01-13,2.42,2.53,2.34,2.48,5561400
2025-01-10,2.57,2.6,2.38,2.42,6346700
2025-01-08,2.66,2.72,2.55,2.56,3918800
2025-01-07,2.8,2.88,2.67,2.73,4138100
2025-01-06,2.92,2.97,2.76,2.76,4846400
2025-01-03,2.6,2.81,2.59,2.81,4895100
2025-01-02,2.58,2.66,2.54,2.57,4202800
2024-12-31,2.71,2.77,2.51,2.56,5284900
2024-12-30,2.75,2.76,2.58,2.68,8014100
2024-12-27,2.69,2.86,2.63,2.78,8062200
2024-12-26,2.58,2.76,2.55,2.69,4472200
2024-12-24,2.7,2.75,2.6,2.63,2016900
2024-12-23,2.62,2.69,2.5,2.67,3693300
2024-12-20,2.66,2.71,2.61,2.62,7886500
2024-12-19,2.75,2.75,2.65,2.67,4227000
2024-12-18,2.81,2.85,2.61,2.65,5589200
2024-12-17,3.0,3.03,2.82,2.83,10250400
2024-12-16,2.91,3.18,2.85,3.06,10199700
2024-12-13,3.08,3.13,2.82,2.87,8883200
2024-12-12,3.2,3.38,2.97,3.04,9945300
2024-12-11,3.28,3.45,3.06,3.15,28653800
2024-12-10,4.76,4.85,4.61,4.64,2974500
2024-12-09,5.08,5.12,4.79,4.8,3930900
2024-12-06,4.57,4.96,4.57,4.96,3476000
2024-12-05,4.8,4.85,4.54,4.57,2350300
2024-12-04,4.6,4.75,4.58,4.74,3041800
2024-12-03,4.92,4.98,4.56,4.56,3976300
2024-12-02,5.0,5.12,4.86,4.97,4238200
2024-11-29,5.04,5.16,5.01,5.04,1793400
2024-11-27,5.2,5.22,4.96,5.1,1506300
2024-11-26,4.98,5.18,4.85,5.12,2991600
2024-11-25,5.24,5.43,5.01,5.04,3155500
2024-11-22,5.04,5.16,4.88,5.1,3420700
2024-11-21,4.91,5.15,4.84,5.03,3367900
2024-11-20,5.32,5.33,4.8,4.88,5056400
2024-11-19,5.08,5.38,5.05,5.35,4171700
2024-11-18,4.5,5.04,4.45,5.01,4706400
2024-11-15,4.94,4.94,4.43,4.49,5139500
2024-11-14,4.87,5.08,4.65,4.87,4959500
2024-11-13,4.98,5.05,4.81,4.83,4152100
2024-11-12,5.36,5.44,4.57,4.95,10311900
2024-11-11,5.65,5.88,5.11,5.45,5134500
2024-11-08,5.25,5.58,5.14,5.57,5617800
2024-11-07,5.39,5.6,5.19,5.3,4543300
2024-11-06,5.59,5.74,5.15,5.42,9715600
2024-11-05,5.11,5.54,5.0,5.44,5004300
2024-11-04,5.21,5.31,4.96,5.2,3988500
2024-11-01,5.24,5.34,5.07,5.28,4434700
2024-10-31,5.51,5.63,5.04,5.21,7676800
2024-10-30,5.45,6.08,5.3,5.64,9340100
2024-10-29,6.25,6.33,5.52,5.61,12379700
2024-10-28,5.86,6.82,5.66,6.17,30950100
2024-10-25,4.94,7.48,4.7,5.32,64835500
2024-10-24,3.5,4.26,3.45,4.21,12631300
2024-10-23,3.64,3.82,3.37,3.46,5144900
2024-10-22,3.52,3.59,3.46,3.49,1114200
2024-10-21,3.51,3.56,3.42,3.55,1649400
2024-10-18,3.5,3.59,3.44,3.55,1398700
2024-10-17,3.73,3.73,3.43,3.44,2498200
2024-10-16,3.7,3.78,3.6,3.71,1919200
2024-10-15,3.67,3.85,3.59,3.7,2304900
2024-10-14,3.6,3.74,3.55,3.72,1860500
2024-10-11,3.2,3.72,3.19,3.65,3079100
2024-10-10,3.3,3.32,3.21,3.23,2304800
2024-10-09,3.49,3.52,3.3,3.32,2429300
2024-10-08,3.45,3.62,3.43,3.52,1186100
2024-10-07,3.4,3.56,3.39,3.49,2980700
2024-10-04,3.42,3.47,3.38,3.43,1542700
2024-10-03,3.5,3.53,3.37,3.4,2190300
2024-10-02,3.64,3.68,3.55,3.57,1707900
2024-10-01,3.67,3.71,3.54,3.6,2342800
2024-09-30,3.93,3.94,3.69,3.72,2141700
2024-09-27,3.93,4.04,3.85,3.93,3176900
2024-09-26,3.63,3.91,3.56,3.9,2352000
2024-09-25,3.56,3.64,3.49,3.56,1460100
2024-09-24,3.47,3.64,3.38,3.6,2310500
2024-09-23,3.52,3.53,3.35,3.44,2893800
2024-09-20,3.48,3.55,3.39,3.52,4234500
2024-09-19,3.51,3.56,3.41,3.48,3043100
2024-09-18,3.32,3.63,3.29,3.42,3431500
2024-09-17,3.46,3.54,3.23,3.32,2891300
2024-09-16,3.58,3.65,3.41,3.49,2188100
2024-09-13,3.52,3.69,3.52,3.58,2206900
2024-09-12,3.61,3.7,3.49,3.49,2037800
2024-09-11,3.7,3.72,3.57,3.62,2006400
2024-09-10,3.55,3.7,3.42,3.62,3173300
2024-09-09,3.45,3.74,3.39,3.55,4090000
2024-09-06,3.47,3.56,3.33,3.38,2311000
2024-09-05,3.7,3.72,3.41,3.45,4360400
2024-09-04,3.66,3.79,3.58,3.7,2791300
2024-09-03,3.93,3.95,3.66,3.7,3124600
2024-08-30,3.83,4.02,3.82,3.95,2278400
2024-08-29,4.07,4.14,3.76,3.8,2514000
2024-08-28,4.18,4.25,4.06,4.06,1508200
2024-08-27,4.2,4.25,4.11,4.19,1518100
2024-08-26,4.27,4.43,4.18,4.21,2204100
2024-08-23,4.26,4.36,4.18,4.25,1934700
2024-08-22,4.38,4.47,4.13,4.16,2210700
2024-08-21,4.0,4.41,3.97,4.4,3619700
2024-08-20,3.99,4.15,3.94,3.97,2219700
2024-08-19,3.93,4.0,3.63,4.0,6558100
2024-08-16,4.01,4.09,3.88,4.01,2340100
2024-08-15,3.85,4.06,3.69,3.98,2855600
2024-08-14,3.76,3.97,3.52,3.88,5225500
2024-08-13,4.41,4.43,3.56,3.76,8339900
2024-08-12,4.49,4.61,4.37,4.42,3199200
2024-08-09,4.43,4.67,4.28,4.54,2498100
2024-08-08,4.2,4.43,4.19,4.35,2112900
2024-08-07,4.41,4.45,4.12,4.16,2578900
2024-08-06,4.45,4.77,4.29,4.3,3624100
2024-08-05,4.25,4.57,4.12,4.4,4837500
2024-08-02,4.6,4.77,4.45,4.68,3374600
2024-08-01,5.15,5.2,4.56,4.79,4392600
2024-07-31,5.31,5.41,5.11,5.15,3903100
2024-07-30,5.4,5.55,5.25,5.28,2367300
2024-07-29,5.61,5.62,5.32,5.43,2602600
2024-07-26,5.61,5.79,5.52,5.61,1708500
2024-07-25,5.34,5.72,5.33,5.49,2498300
2024-07-24,5.56,5.68,5.27,5.33,2820400
2024-07-23,5.62,5.81,5.61,5.65,1583400
2024-07-22,5.85,5.89,5.6,5.71,2519800
2024-07-19,5.93,6.02,5.75,5.79,1762900
2024-07-18,6.15,6.31,5.82,5.98,2697300
2024-07-17,6.36,6.36,6.07,6.13,2347400
2024-07-16,6.45,6.58,6.33,6.4,2164300
2024-07-15,6.67,6.7,6.32,6.36,2090700
2024-07-12,6.77,6.84,6.6,6.62,1599700
2024-07-11,6.73,6.8,6.61,6.7,1767800
2024-07-10,6.42,6.58,6.42,6.58,1130600
2024-07-09,6.55,6.62,6.37,6.5,1121400
2024-07-08,6.4,6.77,6.4,6.64,1841900
2024-07-05,6.17,6.38,6.14,6.36,1295600
2024-07-03,6.18,6.34,6.17,6.28,766100
2024-07-02,6.28,6.28,6.01,6.18,1669100
2024-07-01,6.38,6.65,6.24,6.27,2226900
2024-06-28,6.5,6.55,6.2,6.32,5920800
2024-06-27,6.67,6.74,6.31,6.54,2771500
2024-06-26,7.27,7.27,6.74,6.77,3089400
2024-06-25,7.23,7.36,6.99,7.27,3556100
2024-06-24,7.5,7.63,7.17,7.34,4934300
2024-06-21,6.7,7.35,6.5,7.26,14973400
2024-06-20,6.43,7.37,6.33,6.5,6298700
2024-06-18,5.84,6.35,5.8,6.23,2663700
2024-06-17,5.91,6.2,5.79,5.83,3684900
2024-06-14,5.92,6.05,5.66,5.96,2686200
2024-06-13,5.63,5.91,5.53,5.87,2659500
2024-06-12,6.14,6.16,5.49,5.6,5203400
2024-06-11,6.12,6.68,5.9,5.96,4791000
2024-06-10,6.05,6.26,5.93,6.24,3096800
2024-06-07,6.0,6.36,5.91,6.1,2496300
2024-06-06,6.21,6.31,6.03,6.09,2265100
2024-06-05,6.19,6.54,6.1,6.36,2803000
2024-06-04,6.2,6.3,6.07,6.15,2368400
2024-06-03,6.46,6.47,5.85,6.2,4758200
2024-05-31,6.61,7.0,6.39,6.42,3864700
2024-05-30,6.45,6.71,6.37,6.61,3134700
2024-05-29,6.42,6.54,6.3,6.42,2755200
2024-05-28,6.6,6.91,6.57,6.62,3992400
2024-05-24,6.73,6.76,6.36,6.52,1914400
2024-05-23,6.89,6.93,6.54,6.68,3452900
2024-05-22,6.78,7.18,6.67,6.94,4136100
2024-05-21,6.97,7.05,6.5,6.8,4884900
2024-05-20,7.58,7.64,6.88,7.04,7274000
2024-05-17,7.77,8.07,7.54,7.65,4923100
2024-05-16,8.06,8.16,7.65,7.75,4874100
2024-05-15,8.52,8.69,7.92,8.1,4694800
2024-05-14,8.54,9.16,8.26,8.4,6867000
2024-05-13,8.1,8.87,8.01,8.63,6184300
2024-05-10,7.88,8.31,7.73,8.12,4112200
2024-05-09,7.96,8.2,7.7,8.06,4499600
2024-05-08,8.02,8.14,7.68,7.92,5212700
2024-05-07,8.42,8.77,8.08,8.26,9581400
2024-05-06,9.21,9.48,7.72,7.81,10789500
2024-05-03,9.48,10.01,8.65,9.15,14704300
2024-05-02,8.72,9.12,8.25,8.97,9810000
2024-05-01,7.94,8.99,7.45,8.54,12801100
2024-04-30,8.88,9.39,7.9,7.99,15004100
2024-04-29,8.41,10.53,8.12,8.99,66104800
2024-04-26,5.11,7.74,4.92,7.35,40280200
2024-04-25,5.06,5.18,4.82,5.11,8556000
2024-04-24,5.43,5.72,4.79,4.82,7938400
2024-04-23,6.15,6.19,4.84,5.49,30697000
2024-04-22,5.27,5.35,4.92,4.94,5468500
2024-04-19,4.91,5.3,4.82,5.27,4556700
2024-04-18,5.09,5.28,4.91,4.91,3516800
2024-04-17,5.09,5.43,4.76,5.24,4755000
2024-04-16,5.12,5.12,4.85,4.92,2879700
2024-04-15,5.15,5.55,4.93,5.24,3844200
2024-04-12,6.05,6.09,4.73,5.11,6875300
2024-04-11,6.01,6.26,5.96,6.06,3349700
2024-04-10,5.99,6.13,5.73,5.96,4355500
2024-04-09,6.2,6.33,5.97,6.16,3397100
2024-04-08,5.75,6.18,5.59,6.17,3204800
2024-04-05,5.62,5.86,5.48,5.71,3303800
2024-04-04,5.74,5.99,5.47,5.62,3698000
2024-04-03,5.22,5.88,5.11,5.71,4153800
2024-04-02,5.22,5.52,5.09,5.27,3137600
2024-04-01,5.35,5.51,4.89,5.32,4689400
2024-03-28,5.41,5.82,5.35,5.37,4630600
2024-03-27,5.13,5.46,4.59,5.46,5237400
2024-03-26,5.5,5.65,5.09,5.12,2950100
2024-03-25,6.14,6.23,5.36,5.44,4439600
2024-03-22,6.2,6.78,5.89,6.07,5260200
2024-03-21,6.1,6.29,5.68,6.17,5010300
2024-03-20,5.5,6.2,5.49,5.99,8582000
2024-03-19,5.14,5.47,5.05,5.43,2856300
2024-03-18,5.17,5.37,5.01,5.23,3231100
2024-03-15,5.03,5.23,4.87,5.13,8954600
2024-03-14,5.04,5.2,4.86,4.91,2769700
2024-03-13,5.07,5.26,4.95,5.08,3012800
2024-03-12,5.21,5.31,5.05,5.05,2528500
2024-03-11,5.45,5.54,5.11,5.14,3639200
2024-03-08,5.16,5.55,4.94,5.49,4249900
2024-03-07,5.05,5.24,4.89,5.05,3252100
2024-03-06,5.02,5.15,4.9,5.08,3618000
2024-03-05,5.0,5.33,4.82,4.82,3663700
2024-03-04,4.8,5.1,4.49,5.07,3910100
2024-03-01,4.89,5.02,4.69,4.71,3211200
2024-02-29,4.67,4.99,4.59,4.73,4553600
2024-02-28,4.5,4.71,4.3,4.55,4090800
2024-02-27,4.14,4.59,3.92,4.59,5256800
2024-02-26,4.06,4.49,3.75,4.19,10418900
2024-02-23,5.19,5.21,3.37,3.5,15544500
2024-02-22,4.77,5.25,4.7,5.24,5320500
2024-02-21,4.79,4.8,4.49,4.68,2409900
2024-02-20,4.81,4.87,4.39,4.73,4270800
2024-02-16,4.75,4.92,4.65,4.85,2221100
2024-02-15,4.67,4.83,4.58,4.78,3164400
2024-02-14,4.34,4.61,4.33,4.58,2507400
2024-02-13,4.57,4.62,4.18,4.23,3692800
2024-02-12,4.65,4.81,4.49,4.74,3556700
2024-02-09,4.33,4.63,4.29,4.58,3306300
2024-02-08,4.15,4.32,4.01,4.31,2487400
2024-02-07,4.22,4.37,4.07,4.14,2599800
2024-02-06,4.02,4.3,3.93,4.22,3709900
2024-02-05,4.06,4.11,3.76,4.04,5167700
2024-02-02,3.53,4.37,3.53,4.14,4356400
2024-02-01,3.5,3.65,3.38,3.65,4081400
2024-01-31,3.46,3.74,3.34,3.36,4580200
2024-01-30,3.66,3.66,3.45,3.52,2881900
2024-01-29,3.29,3.66,3.17,3.65,3018400
2024-01-26,3.36,3.55,3.24,3.29,2208500
2024-01-25,3.24,3.33,3.12,3.3,2679600
2024-01-24,3.38,3.49,3.22,3.22,2982500
2024-01-23,3.69,3.8,3.21,3.36,4652800
2024-01-22,3.69,3.94,3.51,3.65,4316100
2024-01-19,3.65,3.66,3.46,3.6,2493600
2024-01-18,3.7,3.77,3.43,3.63,3509400
2024-01-17,3.7,3.8,3.58,3.65,3230100
2024-01-16,3.8,3.85,3.66,3.77,2424700
2024-01-12,3.98,4.41,3.81,3.85,3800100
2024-01-11,4.19,4.19,3.9,3.97,3441700
2024-01-10,4.2,4.32,4.12,4.19,2274800
2024-01-09,4.38,4.45,4.15,4.24,3115700
2024-01-08,4.42,4.48,4.09,4.47,3989200
2024-01-05,4.79,4.82,4.35,4.41,3366000
2024-01-04,4.86,5.02,4.7,4.83,2443000
2024-01-03,5.18,5.18,4.71,4.72,3860600
2024-01-02,4.99,5.24,4.85,5.24,3224200
2023-12-29,5.22,5.26,5.0,5.02,3367000
2023-12-28,5.22,5.28,4.95,5.21,3461700
2023-12-27,4.64,5.24,4.59,5.19,5732000
2023-12-26,4.52,4.75,4.43,4.64,2757200
2023-12-22,4.2,4.59,4.2,4.44,3362400
2023-12-21,4.66,4.75,4.06,4.08,4192100
2023-12-20,4.25,4.99,4.2,4.53,8055800
2023-12-19,4.17,4.37,4.17,4.26,2766800
2023-12-18,4.3,4.46,4.16,4.16,3961600
2023-12-15,4.19,4.35,4.07,4.3,17311500
2023-12-14,3.96,4.22,3.88,4.07,5922800
2023-12-13,3.72,3.97,3.6,3.93,6202100
2023-12-12,3.11,3.74,3.11,3.72,6701800
2023-12-11,3.44,3.49,3.1,3.18,4850800
2023-12-08,3.39,3.54,3.35,3.43,2498500
2023-12-07,3.71,3.75,3.39,3.46,3706600
2023-12-06,3.69,3.88,3.62,3.72,3041100
2023-12-05,3.7,3.8,3.6,3.68,1951100
2023-12-04,3.8,3.99,3.68,3.72,2895500
2023-12-01,3.71,3.8,3.56,3.78,3048600
2023-11-30,4.06,4.08,3.65,3.68,4638700
2023-11-29,4.08,4.28,3.97,3.98,3504200
2023-11-28,4.16,4.18,3.96,4.04,2932900
2023-11-27,4.15,4.32,4.11,4.22,3228700
2023-11-24,4.15,4.38,4.1,4.12,2333700
2023-11-22,3.92,4.22,3.82,4.19,4993100
2023-11-21,4.08,4.08,3.71,3.74,3600600
2023-11-20,4.22,4.49,3.93,4.05,5300200
2023-11-17,4.12,4.3,3.91,4.14,4979200
2023-11-16,4.13,4.23,3.92,4.09,4050500
2023-11-15,3.65,4.13,3.62,4.09,5823900
2023-11-14,3.6,3.67,3.42,3.63,4743500
2023-11-13,3.09,3.55,2.94,3.44,7368500
2023-11-10,2.69,3.17,2.66,3.11,6090300
2023-11-09,3.35,3.38,2.71,2.85,7928900
2023-11-08,3.59,3.64,3.33,3.43,4208500
2023-11-07,3.57,3.71,3.41,3.63,4138500
2023-11-06,3.79,3.82,3.35,3.6,6648700
2023-11-03,3.7,4.05,3.57,3.75,10068600
2023-11-02,3.28,3.78,3.18,3.7,12251800
2023-11-01,3.16,3.49,2.92,3.25,11488500
2023-10-31,2.96,3.54,2.75,3.14,18515800
2023-10-30,2.59,3.09,2.56,3.08,20374800
2023-10-27,2.11,2.73,2.11,2.48,33114000
2023-10-26,1.69,2.09,1.62,2.05,21266600
2023-10-25,1.74,1.87,1.56,1.58,4430300
2023-10-24,1.47,2.22,1.44,1.8,26619600
2023-10-23,1.4,1.6,1.28,1.43,8608800
2023-10-20,1.29,1.33,1.27,1.3,982100
2023-10-19,1.37,1.38,1.25,1.25,1326900
2023-10-18,1.42,1.49,1.4,1.41,898800
2023-10-17,1.43,1.48,1.4,1.45,1360000
2023-10-16,1.3,1.42,1.28,1.39,1175600
2023-10-13,1.27,1.36,1.25,1.31,1627100
2023-10-12,1.38,1.38,1.25,1.28,2340100
2023-10-11,1.44,1.48,1.36,1.36,1587600
2023-10-10,1.39,1.5,1.39,1.43,1798000
2023-10-09,1.4,1.43,1.36,1.42,1220400
2023-10-06,1.49,1.5,1.4,1.42,2029600
2023-10-05,1.4,1.51,1.36,1.48,1928500
2023-10-04,1.43,1.43,1.31,1.39,2943000
2023-10-03,1.54,1.54,1.43,1.43,1968500
2023-10-02,1.7,1.7,1.52,1.53,2429700
2023-09-29,1.61,1.72,1.61,1.69,3583500
2023-09-28,1.57,1.66,1.55,1.6,2371800
2023-09-27,1.49,1.63,1.48,1.6,1775300
2023-09-26,1.59,1.68,1.45,1.47,2605300
2023-09-25,1.61,1.72,1.59,1.61,2061000
2023-09-22,1.63,1.65,1.57,1.65,1464400
2023-09-21,1.65,1.66,1.58,1.63,1800900
2023-09-20,1.76,1.79,1.61,1.67,2343000
2023-09-19,1.66,1.8,1.64,1.79,2735900
2023-09-18,1.82,1.85,1.62,1.67,4458500
2023-09-15,1.68,1.82,1.65,1.8,4191900
2023-09-14,1.65,1.71,1.57,1.69,3394600
2023-09-13,1.74,1.78,1.61,1.64,4387800
2023-09-12,1.61,1.78,1.51,1.69,8828800
2023-09-11,1.3,1.55,1.28,1.54,10009500
2023-09-08,1.31,1.33,1.27,1.29,3003100
2023-09-07,1.46,1.46,1.3,1.31,4156100
2023-09-06,1.47,1.48,1.38,1.44,2133200
2023-09-05,1.54,1.59,1.45,1.46,2706800
2023-09-01,1.62,1.62,1.51,1.53,1891600
2023-08-31,1.65,1.72,1.61,1.61,1960000
2023-08-30,1.62,1.7,1.61,1.65,1687400
2023-08-29,1.63,1.67,1.6,1.63,1185300
2023-08-28,1.64,1.77,1.62,1.65,2492500
2023-08-25,1.61,1.71,1.59,1.65,1976300
2023-08-24,1.66,1.67,1.6,1.6,1807600
2023-08-23,1.66,1.72,1.62,1.66,1447700
2023-08-22,1.7,1.77,1.67,1.7,2017800
2023-08-21,1.84,1.84,1.62,1.64,3170000
2023-08-18,1.81,1.95,1.79,1.81,1847800
2023-08-17,1.99,2.02,1.82,1.84,2046500
2023-08-16,1.93,2.04,1.88,1.96,2121500
2023-08-15,1.84,1.99,1.8,1.96,1754700
2023-08-14,1.82,1.89,1.72,1.85,2080300
2023-08-11,1.72,1.89,1.65,1.83,2637200
2023-08-10,1.66,1.79,1.65,1.74,1914500
2023-08-09,1.85,1.85,1.66,1.67,2942000
2023-08-08,1.81,1.95,1.81,1.86,2602200
2023-08-07,2.0,2.0,1.84,1.85,3812100
2023-08-04,2.18,2.19,2.0,2.01,2783000
2023-08-03,1.96,2.19,1.92,2.12,3523000
2023-08-02,1.93,1.98,1.84,1.94,2707400
2023-08-01,2.18,2.18,1.98,2.04,3996900
2023-07-31,2.3,2.32,2.18,2.2,2320700
2023-07-28,2.33,2.38,2.27,2.29,1921800
2023-07-27,2.49,2.49,2.22,2.33,3307300
2023-07-26,2.53,2.59,2.38,2.44,2298600
2023-07-25,2.65,2.65,2.52,2.58,1785800
2023-07-24,2.75,2.75,2.52,2.65,2546200
2023-07-21,2.95,2.95,2.75,2.81,2062300
2023-07-20,3.1,3.1,2.79,2.89,2293300
2023-07-19,2.97,3.33,2.97,3.1,3803000
2023-07-18,3.02,3.16,2.94,2.97,1872900
2023-07-17,2.74,3.24,2.71,3.04,4423800
2023-07-14,2.7,2.85,2.69,2.78,2301800
2023-07-13,2.64,2.78,2.61,2.7,2085000
2023-07-12,2.6,2.66,2.51,2.63,1604700
2023-07-11,2.69,2.7,2.54,2.56,1821700
2023-07-10,2.72,2.8,2.64,2.66,3444700
2023-07-07,2.63,2.75,2.6,2.72,1134000
2023-07-06,2.68,2.68,2.55,2.63,1033600
2023-07-05,2.73,2.78,2.66,2.72,1298200
2023-07-03,2.76,2.8,2.7,2.74,777200
2023-06-30,2.7,2.86,2.67,2.78,1565600
2023-06-29,2.7,2.81,2.65,2.72,1510400
2023-06-28,2.62,2.72,2.57,2.67,1025400
2023-06-27,2.61,2.63,2.44,2.62,1619900
2023-06-26,2.68,2.68,2.53,2.59,1672300
2023-06-23,2.76,2.85,2.63,2.69,6327900
2023-06-22,2.81,2.88,2.77,2.81,1145700
2023-06-21,2.8,2.89,2.74,2.85,1663500
2023-06-20,2.71,2.91,2.69,2.84,2581500
2023-06-16,2.85,2.86,2.64,2.74,5518800
2023-06-15,2.85,2.91,2.78,2.79,2440200
2023-06-14,3.0,3.02,2.79,2.87,2648300
2023-06-13,2.96,3.15,2.92,2.99,2945300
2023-06-12,2.89,3.08,2.84,2.86,2428900
2023-06-09,2.97,3.08,2.8,2.84,2701600
2023-06-08,3.08,3.08,2.85,2.96,2182200
2023-06-07,3.28,3.39,2.97,3.05,3926500
2023-06-06,2.99,3.32,2.7,3.29,7424700
2023-06-05,2.8,3.0,2.68,2.79,2693000
2023-06-02,3.02,3.07,2.72,2.77,2684400
2023-06-01,2.73,2.96,2.63,2.94,2613300
2023-05-31,2.49,2.75,2.46,2.75,3118500
2023-05-30,2.64,2.74,2.37,2.49,2568000
2023-05-26,2.4,2.57,2.35,2.54,2353000
2023-05-25,2.53,2.56,2.33,2.38,3332000
2023-05-24,2.84,2.84,2.54,2.56,2951400
2023-05-23,2.75,3.02,2.75,2.79,3597500
2023-05-22,3.07,3.15,2.79,2.79,4105600
2023-05-19,2.86,3.29,2.81,2.97,4511200
2023-05-18,3.15,3.26,2.74,2.81,5884900
2023-05-17,3.3,3.72,3.21,3.23,7132300
2023-05-16,3.22,3.44,2.95,3.31,7607400
2023-05-15,2.35,3.25,2.25,3.22,17057600
2023-05-12,2.88,2.9,2.23,2.28,8695600
2023-05-11,2.76,3.17,2.45,2.79,20573300
2023-05-10,6.0,6.37,5.63,6.22,5820300
2023-05-09,6.34,6.93,5.74,5.92,11419200
2023-05-08,5.6,6.61,5.38,6.41,16723800
2023-05-05,4.14,6.0,4.1,5.54,20183500
2023-05-04,3.4,4.08,3.31,3.87,8296600
2023-05-03,3.07,3.49,3.07,3.35,5914900
2023-05-02,3.06,3.18,2.99,3.08,3457000
2023-05-01,2.87,3.25,2.78,3.08,5047400
2023-04-28,2.62,2.89,2.48,2.8,4004600
2023-04-27,2.3,2.63,2.3,2.62,4317400
2023-04-26,2.37,2.37,2.24,2.26,2829700
2023-04-25,2.44,2.55,2.33,2.35,3811400
2023-04-24,2.8,2.83,2.41,2.44,6297700
2023-04-21,2.31,2.69,2.26,2.68,5507700
2023-04-20,2.38,2.38,2.14,2.29,5086800
2023-04-19,2.1,2.44,2.08,2.38,4538400
2023-04-18,2.27,2.29,2.04,2.14,3335200
2023-04-17,1.94,2.3,1.91,2.21,6251700
2023-04-14,1.98,2.05,1.85,1.93,4554500
2023-04-13,1.55,2.02,1.54,1.95,10703200
2023-04-12,1.58,1.6,1.47,1.53,4126500
2023-04-11,1.58,1.67,1.53,1.54,3902500
2023-04-10,1.66,1.67,1.52,1.58,3198800
2023-04-06,1.7,1.77,1.63,1.64,3888300
2023-04-05,1.66,1.82,1.62,1.67,3388700
2023-04-04,1.81,1.81,1.63,1.68,2354000
2023-04-03,1.84,1.88,1.74,1.79,3597500
2023-03-31,1.75,1.95,1.72,1.82,3785900
2023-03-30,1.84,2.02,1.62,1.76,4836200
2023-03-29,1.7,1.85,1.65,1.8,2897800
2023-03-28,1.72,1.73,1.59,1.66,2129900
2023-03-27,1.64,1.76,1.53,1.71,3288900
2023-03-24,1.44,1.69,1.39,1.64,3970400
2023-03-23,1.67,1.82,1.36,1.46,6994200
2023-03-22,1.87,1.88,1.53,1.62,8729100
2023-03-21,1.39,1.88,1.36,1.84,9781600
2023-03-20,1.42,1.46,1.32,1.35,9268400
2023-03-17,1.37,1.48,1.33,1.41,10518100
2023-03-16,1.46,1.47,1.25,1.41,4218300
2023-03-15,1.37,1.44,1.21,1.43,6082300
2023-03-14,1.58,1.59,1.31,1.42,5346300
2023-03-13,1.41,1.54,1.32,1.51,4415000
2023-03-10,1.5,1.52,1.22,1.44,10105900
2023-03-09,1.62,1.67,1.51,1.51,3046200
2023-03-08,1.74,1.74,1.55,1.62,3006900
2023-03-07,1.76,1.78,1.67,1.73,2624900
2023-03-06,2.03,2.04,1.75,1.76,3309800
2023-03-03,2.04,2.07,1.91,1.98,4455700
2023-03-02,2.3,2.3,1.73,2.03,7941000
2023-03-01,2.44,2.5,2.19,2.27,3142300
2023-02-28,2.51,2.57,2.39,2.44,2822100
2023-02-27,2.59,2.72,2.47,2.52,3089400
2023-02-24,2.72,2.72,2.53,2.59,3594200
2023-02-23,2.83,2.94,2.6,2.74,3811000
2023-02-22,2.9,2.99,2.78,2.81,3664700
2023-02-21,3.05,3.11,2.79,2.81,4680700
2023-02-17,3.25,3.25,3.03,3.08,3915700
2023-02-16,3.46,3.47,3.21,3.23,3598700
2023-02-15,3.69,3.78,3.36,3.5,2617100
2023-02-14,3.75,3.9,3.68,3.74,1222500
2023-02-13,3.92,3.92,3.7,3.77,1305800
2023-02-10,3.94,3.94,3.75,3.85,2037000
2023-02-09,4.1,4.13,3.86,3.94,2132700
2023-02-08,4.25,4.3,4.09,4.1,1124600
2023-02-07,4.35,4.39,4.07,4.32,2142700
2023-02-06,4.32,4.51,4.24,4.33,1646400
2023-02-03,4.36,4.59,4.25,4.33,1922600
2023-02-02,4.1,4.47,4.07,4.45,2098000
2023-02-01,3.8,4.02,3.72,4.01,2160900
2023-01-31,3.79,3.97,3.79,3.8,2137900
2023-01-30,3.94,4.02,3.69,3.78,2482200
2023-01-27,3.9,4.09,3.9,4.01,1023800
2023-01-26,4.28,4.31,3.82,3.95,2032400
2023-01-25,4.37,4.48,4.08,4.25,2250100
2023-01-24,4.55,4.63,4.43,4.45,1431900
2023-01-23,4.6,4.75,4.21,4.6,2536600
2023-01-20,4.57,4.64,4.47,4.61,1097900
2023-01-19,4.51,4.56,4.34,4.52,1150400
2023-01-18,4.79,4.98,4.56,4.56,1194000
2023-01-17,4.74,4.76,4.45,4.74,1847600
2023-01-13,4.61,5.09,4.61,4.78,1635400
2023-01-12,4.46,4.7,4.26,4.7,1770400
2023-01-11,4.41,4.53,4.26,4.44,1618900
2023-01-10,4.23,4.53,4.23,4.41,1407700
2023-01-09,4.41,4.46,4.22,4.26,1708200
2023-01-06,4.42,4.47,4.16,4.33,1534600
2023-01-05,4.64,4.73,4.29,4.37,2221200
2023-01-04,4.81,4.91,4.65,4.68,1647400
2023-01-03,5.18,5.25,4.74,4.77,2107100
2022-12-30,4.9,5.08,4.82,5.07,2328200
2022-12-29,4.71,5.18,4.67,4.94,1839800
2022-12-28,4.99,5.08,4.66,4.66,1571000
2022-12-27,5.41,5.49,4.93,4.95,2228600
2022-12-23,5.71,5.76,5.37,5.46,1353200
2022-12-22,5.73,5.77,5.26,5.69,1320600
2022-12-21,5.79,5.95,5.61,5.85,1370800
2022-12-20,5.65,5.79,5.61,5.79,1447800
2022-12-19,6.47,6.47,5.71,5.72,1776800
2022-12-16,6.57,6.7,6.25,6.44,3259700
2022-12-15,6.62,6.88,6.51,6.71,2081000
2022-12-14,6.62,6.93,6.47,6.74,2943400
2022-12-13,7.1,7.1,6.59,6.66,3023100
2022-12-12,5.92,6.82,5.53,6.77,3225300
2022-12-09,6.19,6.48,6.11,6.15,1593000
2022-12-08,6.25,6.46,6.07,6.21,1172800
2022-12-07,5.71,6.24,5.65,6.21,1198200
2022-12-06,5.9,5.93,5.61,5.68,973800
2022-12-05,6.17,6.27,5.79,5.89,1567300
2022-12-02,5.47,6.28,5.47,6.23,2024900
2022-12-01,5.52,5.64,5.38,5.61,1143900
2022-11-30,5.29,5.52,5.03,5.51,1769800
2022-11-29,5.04,5.26,4.99,5.23,1062100
2022-11-28,5.27,5.51,4.98,5.03,1231000
2022-11-25,5.31,5.36,5.26,5.34,369300
2022-11-23,5.41,5.6,5.3,5.34,1118900
2022-11-22,5.17,5.46,5.08,5.39,1140900
2022-11-21,5.21,5.21,5.04,5.16,1037400
2022-11-18,5.76,5.79,5.24,5.27,1091800
2022-11-17,5.57,5.8,5.54,5.6,1263400
2022-11-16,5.96,6.03,5.45,5.68,1638900
2022-11-15,6.41,6.58,5.89,6.05,1688500
2022-11-14,5.79,6.29,5.69,6.15,1992800
2022-11-11,5.23,5.98,5.22,5.84,2122300
2022-11-10,4.57,5.28,4.55,5.23,2420300
2022-11-09,4.76,4.82,4.35,4.35,2017000
2022-11-08,4.98,5.02,4.76,4.87,1176400
2022-11-07,5.03,5.17,4.84,4.99,1064700
2022-11-04,5.37,5.39,4.74,5.03,2004800
2022-11-03,5.3,5.53,5.15,5.27,890400
2022-11-02,5.49,5.74,5.36,5.37,1188600
2022-11-01,5.62,5.69,5.36,5.49,942700
2022-10-31,5.78,5.78,5.48,5.5,1093400
2022-10-28,5.45,5.85,5.36,5.8,1588500
2022-10-27,5.57,5.66,5.34,5.39,1275200
2022-10-26,5.39,6.07,5.26,5.5,2003000
2022-10-25,5.2,5.48,5.18,5.39,1344300
2022-10-24,5.31,5.31,4.89,5.17,924500
2022-10-21,4.92,5.32,4.88,5.31,1229700
2022-10-20,4.92,5.2,4.87,4.96,967700
2022-10-19,5.14,5.18,4.78,4.92,1641100
2022-10-18,5.29,5.45,5.06,5.21,895400
2022-10-17,4.96,5.23,4.93,5.19,1493000
2022-10-14,5.24,5.33,4.92,4.94,905800
2022-10-13,4.75,5.24,4.69,5.18,928800
2022-10-12,5.19,5.19,4.79,4.96,1290600
2022-10-11,4.99,5.29,4.72,5.18,1523000
2022-10-10,5.1,5.22,4.93,5.02,1016000
2022-10-07,5.25,5.41,5.12,5.12,1312000
2022-10-06,5.31,5.62,5.31,5.44,984800
2022-10-05,5.4,5.62,5.13,5.4,1332400
2022-10-04,5.3,5.57,5.3,5.57,1595000
2022-10-03,5.06,5.28,5.01,5.18,1514700
2022-09-30,5.01,5.17,4.83,4.97,1457200
2022-09-29,5.3,5.36,4.83,4.94,1961300
2022-09-28,5.02,5.53,4.97,5.5,1899000
2022-09-27,4.77,5.03,4.62,4.97,1514200
2022-09-26,4.83,5.4,4.65,4.65,1658100
2022-09-23,4.85,4.97,4.68,4.83,1496900
2022-09-22,4.94,5.0,4.69,4.95,1674900
2022-09-21,5.45,5.45,4.86,4.89,1874000
2022-09-20,5.43,5.65,5.24,5.44,1949300
2022-09-19,5.85,5.94,5.11,5.51,3061500
2022-09-16,6.25,6.26,5.52,6.06,11856600
2022-09-15,6.45,7.8,6.32,6.43,6592300
2022-09-14,5.59,6.44,5.49,6.41,3820700
2022-09-13,5.43,5.84,5.33,5.64,3677700
2022-09-12,4.7,5.7,4.68,5.61,4542800
2022-09-09,4.77,4.94,4.62,4.64,1264700
2022-09-08,4.43,4.8,4.43,4.75,1558300
2022-09-07,4.27,4.54,4.26,4.51,793300
2022-09-06,4.32,4.54,4.2,4.28,953700
2022-09-02,4.11,4.51,4.04,4.29,1382400
2022-09-01,3.98,4.15,3.86,4.14,705600
2022-08-31,3.87,4.09,3.87,4.0,746100
2022-08-30,3.95,3.99,3.74,3.84,597500
2022-08-29,3.96,4.13,3.89,3.92,588700
2022-08-26,4.44,4.44,4.07,4.09,879100
2022-08-25,4.22,4.53,4.14,4.44,1080600
2022-08-24,3.92,4.22,3.83,4.16,711600
2022-08-23,3.75,3.98,3.72,3.9,705200
2022-08-22,3.86,3.99,3.7,3.74,869100
2022-08-19,4.21,4.24,3.88,3.97,1501900
2022-08-18,4.27,4.4,4.21,4.34,785300
2022-08-17,4.45,4.55,4.31,4.31,632500
2022-08-16,4.76,4.76,4.36,4.55,1223500
2022-08-15,4.46,4.84,4.44,4.73,1762500
2022-08-12,4.45,4.58,4.36,4.52,671800
2022-08-11,4.57,4.8,4.32,4.42,1433600
2022-08-10,4.47,4.58,4.31,4.56,928700
2022-08-09,4.42,4.51,4.26,4.34,791800
2022-08-08,4.51,4.68,4.38,4.47,1130900
2022-08-05,4.12,4.54,4.01,4.49,1392800
2022-08-04,4.13,4.29,4.08,4.23,950500
2022-08-03,3.89,4.36,3.82,4.15,1852600
2022-08-02,3.59,3.84,3.58,3.73,1004200
2022-08-01,3.81,3.91,3.52,3.65,1788100
2022-07-29,4.23,4.23,3.85,3.89,1666700
2022-07-28,4.2,4.3,4.01,4.28,919100
2022-07-27,4.21,4.26,4.09,4.23,722000
2022-07-26,4.17,4.26,4.07,4.14,694800
2022-07-25,4.41,4.41,4.11,4.21,733200
2022-07-22,4.65,4.65,4.3,4.37,771500
2022-07-21,4.64,4.72,4.49,4.62,546700
2022-07-20,4.4,4.76,4.4,4.65,1613700
2022-07-19,4.13,4.43,4.09,4.36,1119300
2022-07-18,4.58,4.69,4.03,4.05,1354000
2022-07-15,4.52,4.55,4.26,4.5,808600
2022-07-14,4.49,4.54,4.34,4.4,674200
2022-07-13,4.3,4.61,4.26,4.58,996100
2022-07-12,4.51,4.57,3.87,4.48,1483900
2022-07-11,4.71,4.74,4.45,4.47,1254300
2022-07-08,4.63,4.86,4.58,4.78,1072800
2022-07-07,4.63,4.84,4.52,4.76,1628700
2022-07-06,4.47,4.83,4.41,4.52,2193600
2022-07-05,3.96,4.44,3.83,4.41,2422500
2022-07-01,3.75,4.07,3.7,3.99,1321400
2022-06-30,3.66,3.78,3.56,3.72,1103800
2022-06-29,3.71,3.82,3.63,3.77,975300
2022-06-28,3.92,4.04,3.64,3.73,1133100
2022-06-27,4.16,4.19,3.83,3.91,1410500
2022-06-24,4.01,4.16,3.85,4.16,3658800
2022-06-23,3.62,3.94,3.6,3.94,1399900
2022-06-22,3.19,3.73,3.15,3.58,1594900
2022-06-21,3.33,3.57,3.27,3.29,2282000
2022-06-17,2.98,3.35,2.98,3.17,10840300
2022-06-16,3.04,3.15,2.88,2.95,2524800
2022-06-15,3.02,3.28,2.96,3.21,2450700
2022-06-14,3.11,3.11,2.84,2.98,2219300
2022-06-13,3.22,3.22,2.85,3.04,3603800
2022-06-10,3.7,3.78,3.34,3.39,2660300
2022-06-09,4.15,4.19,3.86,3.87,1721900
2022-06-08,4.19,4.6,4.11,4.21,2821000
2022-06-07,3.58,4.25,3.45,4.22,2719300
2022-06-06,3.73,3.8,3.51,3.57,2115800
2022-06-03,3.35,3.69,3.22,3.65,2784700
2022-06-02,3.32,3.35,3.24,3.34,1465600
2022-06-01,3.78,3.83,3.3,3.31,2494600
2022-05-31,4.05,4.05,3.61,3.76,2613200
2022-05-27,3.44,3.95,3.33,3.92,1815000
2022-05-26,3.49,3.57,3.33,3.42,1839200
2022-05-25,3.67,3.74,3.37,3.5,1544900
2022-05-24,3.72,3.88,3.41,3.68,2054100
2022-05-23,4.0,4.08,3.73,3.81,1526400
2022-05-20,3.84,3.99,3.6,3.91,1836400
2022-05-19,3.72,3.87,3.62,3.74,1536700
2022-05-18,3.84,4.04,3.69,3.76,2076900
2022-05-17,4.0,4.11,3.79,4.04,1897400
2022-05-16,3.5,4.11,3.34,3.89,2877600
2022-05-13,3.03,3.71,2.99,3.49,3014700
2022-05-12,2.62,3.08,2.6,2.97,3049700
2022-05-11,3.45,3.45,2.62,2.68,4284400
2022-05-10,3.54,3.6,3.05,3.45,2776100
2022-05-09,3.68,3.68,3.31,3.32,1363400
2022-05-06,3.91,3.91,3.65,3.7,1500700
2022-05-05,4.33,4.33,3.86,3.96,1609800
2022-05-04,4.06,4.44,3.81,4.4,1404000
2022-05-03,4.0,4.11,3.89,4.05,865700
2022-05-02,3.64,3.98,3.6,3.98,1548700
2022-04-29,3.76,4.03,3.62,3.63,1534000
2022-04-28,3.77,3.88,3.5,3.74,1812900
2022-04-27,3.78,3.89,3.55,3.73,2667900
2022-04-26,4.12,4.26,3.77,3.79,2459800
2022-04-25,4.19,4.31,4.11,4.19,1906000
2022-04-22,4.39,4.45,4.16,4.23,1435100
2022-04-21,5.12,5.21,4.32,4.38,1965500
2022-04-20,5.05,5.13,4.88,5.05,802400
2022-04-19,4.79,5.1,4.7,4.99,1053100
2022-04-18,4.99,5.0,4.74,4.76,1422500
2022-04-14,5.25,5.28,4.98,5.05,928800
2022-04-13,5.03,5.33,4.97,5.3,1055600
2022-04-12,5.25,5.3,4.91,5.01,1406900
2022-04-11,5.06,5.16,4.9,4.93,1399200
2022-04-08,5.3,5.35,5.09,5.15,1304900
2022-04-07,5.53,5.59,5.11,5.33,1764400
2022-04-06,5.67,5.72,5.44,5.59,1377200
2022-04-05,6.14,6.24,5.78,5.79,1230600
2022-04-04,5.91,6.28,5.82,6.14,1480100
2022-04-01,5.64,5.93,5.51,5.81,1442600
2022-03-31,5.93,6.06,5.6,5.61,1468700
2022-03-30,6.21,6.44,5.84,5.89,1174900
2022-03-29,5.81,6.3,5.8,6.28,1404700
2022-03-28,5.77,5.87,5.43,5.72,952300
2022-03-25,5.98,5.98,5.73,5.74,876500
2022-03-24,5.93,5.99,5.69,5.99,854600
2022-03-23,6.0,6.18,5.82,5.83,827900
2022-03-22,5.62,6.09,5.59,6.04,1106200
2022-03-21,5.82,5.94,5.56,5.61,1535900
2022-03-18,5.79,6.33,5.78,5.92,2706500
2022-03-17,5.6,5.91,5.54,5.9,1262500
2022-03-16,5.48,5.67,5.24,5.66,1335500
2022-03-15,5.25,5.38,5.1,5.37,1132200
2022-03-14,6.0,6.12,5.13,5.22,2312900
2022-03-11,6.63,6.66,6.0,6.01,970800
2022-03-10,6.57,6.64,6.25,6.55,788400
2022-03-09,6.39,6.81,6.34,6.77,1044500
2022-03-08,5.85,6.48,5.68,6.19,1079000
2022-03-07,6.02,6.25,5.85,5.91,1407000
2022-03-04,6.11,6.41,6.08,6.09,938000
2022-03-03,6.61,6.81,6.15,6.25,1169500
2022-03-02,6.57,6.7,6.27,6.46,904900
2022-03-01,6.74,6.82,6.47,6.55,722400
2022-02-28,6.77,7.12,6.56,6.84,1066600
2022-02-25,7.04,7.13,6.57,6.88,1114200
2022-02-24,6.05,7.04,5.94,7.04,2117300
2022-02-23,7.14,7.24,6.36,6.43,1421300
2022-02-22,7.28,7.47,6.99,7.08,1348600
2022-02-18,7.41,7.61,7.01,7.41,1686800
2022-02-17,7.45,7.85,7.29,7.39,2642400
2022-02-16,6.88,7.82,6.74,7.48,3272300
2022-02-15,6.32,7.12,6.21,7.03,5779100
2022-02-14,5.93,6.07,5.71,5.75,1088900
2022-02-11,6.05,6.31,5.84,5.96,813600
2022-02-10,6.0,6.63,5.96,6.08,1504200
2022-02-09,5.85,6.4,5.85,6.35,1478000
2022-02-08,5.6,5.83,5.51,5.79,1196300
2022-02-07,5.4,5.68,5.4,5.63,1008300
2022-02-04,5.34,5.51,5.16,5.39,1225400
2022-02-03,5.53,5.76,5.28,5.34,1206500
2022-02-02,6.08,6.09,5.66,5.7,1156500
2022-02-01,5.96,6.11,5.59,6.09,1364700
2022-01-31,5.44,5.83,5.2,5.82,1567400
2022-01-28,5.01,5.19,4.81,5.17,2681500
2022-01-27,5.42,5.53,5.04,5.05,1393400
2022-01-26,5.67,5.85,5.32,5.35,1704600
2022-01-25,5.57,5.78,5.38,5.55,1701000
2022-01-24,5.25,5.75,5.06,5.71,2305500
2022-01-21,5.81,5.81,5.34,5.42,1859600
2022-01-20,6.02,6.15,5.6,5.63,1536400
2022-01-19,6.4,6.75,5.95,5.97,2407500
2022-01-18,6.64,6.71,6.19,6.19,1721500
2022-01-14,6.13,6.68,6.04,6.67,1382400
2022-01-13,6.28,6.77,6.2,6.24,1376600
2022-01-12,6.5,6.84,6.27,6.32,1076800
2022-01-11,6.07,6.57,6.05,6.48,1341400
2022-01-10,6.26,6.26,5.89,6.14,1580100
2022-01-07,6.19,6.57,6.18,6.26,871000
2022-01-06,6.36,6.59,6.12,6.24,1503300
2022-01-05,7.04,7.7,6.4,6.41,2426000
2022-01-04,7.48,7.55,6.92,7.01,2129300
2022-01-03,6.13,7.6,6.01,7.53,3490700
2021-12-31,6.36,6.53,6.05,6.08,1572100
2021-12-30,6.2,6.93,6.15,6.38,1942600
2021-12-29,6.12,6.55,6.1,6.2,1610200
2021-12-28,6.92,7.99,6.17,6.18,6318600
2021-12-27,7.08,7.08,6.58,6.65,1180700
2021-12-23,6.54,7.37,6.45,7.15,1417500
2021-12-22,6.15,6.7,5.96,6.57,1219400
2021-12-21,6.42,6.79,5.98,6.21,1662300
2021-12-20,6.64,6.72,6.11,6.48,2380000
2021-12-17,5.58,6.58,5.52,6.54,3853200
2021-12-16,5.66,5.91,5.55,5.67,1314600
2021-12-15,5.69,5.78,5.11,5.7,2298300
2021-12-14,6.15,6.25,5.53,5.67,1856400
2021-12-13,5.96,6.39,5.9,6.26,1292300
2021-12-10,5.98,6.05,5.79,5.87,657100
2021-12-09,6.21,6.33,5.9,5.92,878200
2021-12-08,5.96,6.41,5.87,6.31,839900
2021-12-07,5.73,6.18,5.73,6.02,990600
2021-12-06,5.75,5.87,5.39,5.69,2093000
2021-12-03,6.22,6.41,5.7,5.84,1593000
2021-12-02,6.51,6.81,5.95,6.22,1962600
2021-12-01,7.76,7.83,6.54,6.56,2374200
2021-11-30,6.56,8.01,6.55,7.79,7929300
2021-11-29,6.55,6.66,6.19,6.39,1280900
2021-11-26,6.5,7.1,6.3,6.5,1628200
2021-11-24,6.22,6.44,6.05,6.35,923900
2021-11-23,6.06,6.26,5.78,6.23,1273200
2021-11-22,6.43,6.48,5.97,6.09,1424100
2021-11-19,6.49,6.51,6.23,6.43,1249500
2021-11-18,6.97,6.97,6.23,6.53,1772700
2021-11-17,7.08,7.22,6.95,6.97,708700
2021-11-16,7.11,7.15,6.81,7.07,1426300
2021-11-15,7.85,7.85,7.11,7.14,1109500
2021-11-12,7.82,7.88,7.54,7.72,669000
2021-11-11,7.97,8.02,7.67,7.82,571400
2021-11-10,8.06,8.2,7.77,7.8,675100
2021-11-09,8.52,8.6,8.02,8.1,990900
2021-11-08,8.54,8.75,8.34,8.52,765900
2021-11-05,8.68,8.94,8.28,8.4,837400
2021-11-04,8.84,8.9,8.5,8.63,581300
2021-11-03,8.51,8.8,8.42,8.76,944800
2021-11-02,8.36,8.53,8.25,8.52,583900
2021-11-01,7.9,8.48,7.83,8.3,915100
2021-10-29,8.18,8.2,7.8,7.83,697500
2021-10-28,7.8,8.22,7.76,8.19,858300
2021-10-27,7.92,8.13,7.75,7.79,843200
2021-10-26,8.35,8.38,7.93,7.96,977200
2021-10-25,8.22,8.41,7.89,8.3,1329400
2021-10-22,8.4,8.42,8.1,8.27,1124300
2021-10-21,8.73,8.75,8.39,8.45,729700
2021-10-20,9.15,9.21,8.62,8.67,817600
2021-10-19,9.01,9.27,8.75,9.17,1105800
2021-10-18,9.3,9.32,8.89,8.93,884200
2021-10-15,9.72,9.75,9.27,9.3,629700
2021-10-14,9.19,9.99,9.15,9.58,1009100
2021-10-13,9.3,9.35,8.99,9.1,804200
2021-10-12,9.71,9.81,9.22,9.25,857400
2021-10-11,8.88,9.96,8.81,9.75,1255000
2021-10-08,9.59,9.65,8.76,8.81,1078500
2021-10-07,9.58,9.87,9.41,9.7,633100
2021-10-06,9.98,10.1,9.43,9.54,1043600
2021-10-05,9.92,10.37,9.84,10.18,1209700
2021-10-04,10.03,10.3,9.77,9.84,1289400
2021-10-01,9.82,10.13,9.4,10.01,796700
2021-09-30,9.73,9.94,9.56,9.74,528900
2021-09-29,10.06,10.13,9.54,9.61,779600
2021-09-28,10.5,10.69,9.94,10.0,768100
2021-09-27,10.39,10.77,10.28,10.67,610200
2021-09-24,10.68,10.88,10.23,10.26,561800
2021-09-23,10.3,10.74,10.15,10.71,726600
2021-09-22,10.01,10.17,9.88,10.12,516800
2021-09-21,9.75,10.09,9.7,9.91,1113500
2021-09-20,9.87,10.29,9.58,9.64,1204700
2021-09-17,10.03,10.28,9.42,10.18,2187700
2021-09-16,9.64,9.77,9.36,9.74,841500
2021-09-15,9.34,9.81,9.22,9.57,1177400
2021-09-14,9.8,9.92,9.33,9.34,857800
2021-09-13,9.97,10.28,9.32,9.77,1425200
2021-09-10,10.08,10.43,9.84,9.89,1116300
2021-09-09,10.25,10.48,9.94,9.95,1464700
2021-09-08,11.22,11.25,10.13,10.28,992400
2021-09-07,11.07,12.34,11.03,11.26,1475700
2021-09-03,11.53,11.53,10.82,10.95,1060400
2021-09-02,11.94,11.99,11.36,11.58,743100
2021-09-01,11.49,11.85,11.27,11.8,921600
2021-08-31,11.54,11.7,11.1,11.38,1261700
2021-08-30,11.48,11.83,11.34,11.38,659200
2021-08-27,11.02,11.67,10.85,11.32,1007500
2021-08-26,11.19,11.6,10.85,10.9,702600
2021-08-25,11.24,11.55,11.06,11.31,571800
2021-08-24,10.89,11.35,10.68,11.27,694000
2021-08-23,10.27,10.9,9.95,10.86,1143100
2021-08-20,9.13,10.02,9.08,10.0,963200
2021-08-19,9.23,9.46,9.0,9.17,973500
2021-08-18,10.05,10.06,9.34,9.35,1010500
2021-08-17,10.55,10.61,9.76,10.04,1071900
2021-08-16,11.26,11.27,10.66,10.72,657700
2021-08-13,11.31,11.67,11.25,11.25,393200
2021-08-12,11.16,11.62,11.16,11.4,475300
2021-08-11,11.4,11.54,10.96,11.26,430400
2021-08-10,11.2,11.57,10.95,11.43,519500
2021-08-09,10.88,11.28,10.62,11.14,559400
2021-08-06,11.39,11.43,10.8,10.89,629100
2021-08-05,11.11,11.57,10.91,11.36,734000
2021-08-04,11.21,11.64,10.97,11.08,399600
2021-08-03,11.2,11.42,10.81,11.27,385100
2021-08-02,11.01,11.48,10.84,11.2,515200
2021-07-30,11.03,11.27,10.88,10.96,399600
2021-07-29,11.55,11.72,11.14,11.19,586500
2021-07-28,10.75,11.72,10.75,11.48,780400
2021-07-27,11.55,11.55,10.38,10.77,1033300
2021-07-26,11.01,11.09,10.58,10.85,588300
2021-07-23,11.32,11.32,10.74,10.81,502800
2021-07-22,11.73,11.85,11.14,11.16,520800
2021-07-21,11.47,11.83,11.2,11.81,954600
2021-07-20,11.16,11.43,10.89,11.39,830000
2021-07-19,10.31,11.13,10.31,11.01,689100
2021-07-16,11.36,11.55,10.68,10.83,719700
2021-07-15,11.34,11.34,10.65,11.19,875400
2021-07-14,11.84,12.0,11.02,11.21,1155200
2021-07-13,12.54,12.64,11.73,11.75,1087600
2021-07-12,13.2,13.3,12.65,12.66,585100
2021-07-09,12.71,13.13,12.4,13.07,617200
2021-07-08,11.98,12.82,11.88,12.63,1164500
2021-07-07,13.32,13.42,12.58,12.84,1147100
2021-07-06,13.86,13.9,13.35,13.43,826300
2021-07-02,14.26,14.26,13.81,13.99,692100
2021-07-01,14.28,14.59,13.58,14.24,1010600
2021-06-30,14.42,14.73,14.21,14.28,733800
2021-06-29,15.26,15.65,14.51,14.54,697200
2021-06-28,14.53,15.47,14.5,15.22,935700
2021-06-25,14.51,14.66,14.04,14.45,7576100
2021-06-24,14.15,14.62,14.01,14.52,1150700
2021-06-23,13.5,14.31,13.5,14.03,885000
2021-06-22,13.84,13.95,13.52,13.66,1202700
2021-06-21,13.41,14.32,13.18,13.77,1998600
2021-06-18,13.72,13.85,12.71,13.41,7185500
2021-06-17,14.15,14.26,13.63,13.9,1561400
2021-06-16,14.55,14.65,13.76,14.28,1713700
2021-06-15,15.05,15.11,14.32,14.44,1156200
2021-06-14,15.2,15.4,14.81,14.93,1145700
2021-06-11,14.94,15.65,14.86,15.19,1180400
2021-06-10,15.41,15.75,14.84,14.91,948000
2021-06-09,15.51,16.01,15.26,15.38,984800
2021-06-08,15.7,15.75,15.04,15.6,1257300
2021-06-07,17.6,17.76,15.26,15.4,2467400
2021-06-04,18.0,18.14,17.41,17.51,768200
2021-06-03,17.27,17.94,16.88,17.74,624800
2021-06-02,17.71,17.74,17.07,17.43,709800
2021-06-01,17.8,17.97,16.84,17.59,988900
2021-05-28,17.0,17.95,17.0,17.55,1086600
2021-05-27,16.59,17.05,16.35,16.99,816700
2021-05-26,15.66,16.57,15.57,16.49,740200
2021-05-25,16.05,16.43,15.69,15.74,999700
2021-05-24,15.89,16.19,15.54,15.7,752900
2021-05-21,17.56,17.56,15.88,15.89,838000
2021-05-20,15.99,17.5,15.99,17.03,995800
2021-05-19,16.05,16.4,15.56,15.96,925900
2021-05-18,16.59,17.11,16.16,16.35,962900
2021-05-17,15.83,17.32,15.35,16.59,1511300
2021-05-14,14.6,15.4,14.26,15.13,2079700
2021-05-13,15.68,16.25,14.0,14.46,1594300
2021-05-12,16.09,16.53,15.12,15.19,1717300
2021-05-11,16.3,16.92,15.55,16.44,4740900
2021-05-10,16.84,17.77,16.37,17.33,1652100
2021-05-07,16.25,16.9,16.19,16.74,1695200
2021-05-06,15.37,16.05,15.05,16.01,831500
2021-05-05,15.81,16.29,15.56,15.75,749900
2021-05-04,17.0,17.2,15.61,15.8,1083700
2021-05-03,17.15,17.93,17.01,17.24,554200
2021-04-30,18.0,18.54,17.56,17.75,650100
2021-04-29,19.46,19.53,17.83,17.93,708100
2021-04-28,18.62,19.45,18.41,19.33,597700
2021-04-27,19.34,19.72,18.67,18.85,678900
2021-04-26,18.74,19.69,18.71,19.02,919400
2021-04-23,18.2,19.19,17.9,18.74,659900
2021-04-22,17.95,18.48,17.35,18.11,687900
2021-04-21,16.53,18.09,16.06,18.09,964600
2021-04-20,16.6,17.31,16.15,16.65,497300
2021-04-19,17.36,17.83,16.8,16.96,693400
2021-04-16,16.41,17.38,16.15,17.38,896400
2021-04-15,18.25,18.6,16.86,17.26,837500
2021-04-14,17.4,18.55,17.08,18.07,1684700
2021-04-13,15.7,17.32,15.66,16.76,1569000
2021-04-12,16.75,16.83,15.89,16.09,1549600
2021-04-09,18.5,18.57,16.53,16.87,2276200
2021-04-08,19.35,19.51,18.18,18.69,1596900
2021-04-07,19.0,19.71,18.56,18.74,1855200
2021-04-06,21.5,21.5,18.74,18.8,2484800
2021-04-05,22.4,22.57,21.39,21.68,920400
2021-04-01,23.0,23.95,21.89,22.4,1223800
2021-03-31,23.75,23.83,21.57,23.74,2353300
2021-03-30,24.5,25.62,23.27,23.75,945700
2021-03-29,28.35,28.98,24.55,24.66,1309300
2021-03-26,31.19,31.52,26.15,26.78,1201100
2021-03-25,28.4,31.12,28.08,30.89,1278200
2021-03-24,34.19,35.05,29.09,29.43,1061900
2021-03-23,37.8,38.9,33.86,34.41,1049700
2021-03-22,35.26,39.6,34.61,38.1,1252900
2021-03-19,34.7,35.84,33.55,35.53,3147200
2021-03-18,35.72,36.96,34.0,34.36,926200
2021-03-17,32.07,36.19,32.0,35.95,944200
2021-03-16,30.83,32.66,30.15,32.37,717900
2021-03-15,31.15,32.19,30.18,30.82,805600
2021-03-12,33.12,33.6,30.0,30.54,1161500
2021-03-11,40.83,40.83,33.28,34.03,1735400
2021-03-10,36.55,38.71,33.68,38.7,956500
2021-03-09,30.34,33.15,29.74,32.49,1108700
2021-03-08,27.95,30.32,26.5,28.28,1297000
2021-03-05,28.22,28.24,23.15,26.8,1343800
2021-03-04,26.03,27.5,23.88,25.75,1586000
2021-03-03,28.08,28.66,26.13,26.58,1062900
2021-03-02,33.0,33.49,27.67,28.36,1901800
2021-03-01,33.23,34.62,32.76,33.3,717100
2021-02-26,34.0,35.91,30.8,32.51,1405900
2021-02-25,32.61,36.72,32.61,34.18,1300400
2021-02-24,33.34,35.64,31.52,32.65,1610800
2021-02-23,41.4,41.41,31.12,32.38,4153900
2021-02-22,38.71,45.42,38.3,42.25,2726200
2021-02-19,37.26,39.71,36.54,39.12,1454600
2021-02-18,32.68,38.6,32.38,36.95,1928900
2021-02-17,33.5,34.57,32.0,33.8,1355300
2021-02-16,30.92,34.7,29.87,33.48,2239500
2021-02-12,28.23,32.25,27.11,30.92,2075400
2021-02-11,26.35,27.38,25.21,26.04,855600
2021-02-10,28.58,29.59,25.88,26.29,1313700
2021-02-09,27.05,28.63,26.38,28.06,969100
2021-02-08,23.98,27.0,23.57,26.8,1199300
2021-02-05,21.7,23.88,21.16,23.72,1053700
2021-02-04,20.87,22.12,20.5,21.44,836000
2021-02-03,20.83,21.01,19.65,20.81,921200
2021-02-02,20.31,21.0,19.83,20.89,1076200
2021-02-01,19.21,20.31,18.88,20.18,778200
2021-01-29,18.93,20.36,18.5,18.88,972100
2021-01-28,20.75,20.75,17.76,18.58,1318600
2021-01-27,18.29,20.78,18.14,19.76,1477600
2021-01-26,19.3,19.9,19.06,19.14,1041600
2021-01-25,17.31,19.07,16.95,19.01,1280800
2021-01-22,17.0,17.37,16.58,17.25,801400
2021-01-21,17.61,17.61,17.0,17.0,718100
2021-01-20,17.95,18.02,16.5,17.35,1523800
2021-01-19,17.3,18.55,17.15,18.34,1573300
2021-01-15,17.55,18.19,16.55,17.25,2124700
2021-01-14,20.0,20.05,17.4,17.79,6283800
2021-01-13,16.07,16.5,14.14,14.78,2039600
2021-01-12,14.31,16.08,14.31,15.99,1410200
2021-01-11,14.29,14.77,13.86,14.34,927200
2021-01-08,14.26,14.9,13.65,14.27,1474600
2021-01-07,12.85,14.2,12.6,14.16,1297200
2021-01-06,12.9,13.43,12.5,12.83,1393900
2021-01-05,13.51,13.79,12.61,12.9,1515600
2021-01-04,13.63,14.96,12.6,13.73,3104500
2020-12-31,14.59,14.74,12.97,13.33,2282500
2020-12-30,13.72,15.48,13.29,14.36,2116500
2020-12-29,14.47,14.74,13.1,13.38,1675300
2020-12-28,16.12,16.19,14.22,14.4,2123600
2020-12-24,17.4,18.16,15.71,16.01,1674800
2020-12-23,18.4,18.6,16.8,17.61,2781000
2020-12-22,15.15,19.37,14.04,17.61,15873400
2020-12-21,13.01,17.79,11.82,16.02,37616700
2020-12-18,10.78,11.04,10.23,10.26,2504200
2020-12-17,10.65,10.8,10.21,10.68,782000
2020-12-16,11.2,11.26,10.48,10.67,902100
2020-12-15,11.47,11.81,10.68,11.03,1127500
2020-12-14,12.37,12.53,11.16,11.62,1009400
2020-12-11,12.5,13.49,11.82,12.35,3798000
2020-12-10,10.0,11.18,10.0,11.06,1008500
2020-12-09,11.74,11.95,9.92,10.27,1768800
2020-12-08,10.56,11.05,10.22,11.02,912500
2020-12-07,9.5,11.24,9.46,10.69,1883700
2020-12-04,9.27,9.7,9.16,9.44,583600
2020-12-03,9.07,9.54,8.9,9.2,655600
2020-12-02,9.7,9.7,8.88,9.11,776600
2020-12-01,9.68,10.67,9.47,9.7,1246400
2020-11-30,9.36,9.83,8.74,9.58,1783400
2020-11-27,7.57,9.75,7.56,9.67,1889800
2020-11-25,7.66,7.8,7.42,7.54,337000
2020-11-24,7.95,7.95,7.3,7.59,823200
2020-11-23,8.28,8.42,7.81,7.87,739400
2020-11-20,8.56,8.64,8.15,8.32,638600
2020-11-19,8.3,8.5,8.22,8.5,313000
2020-11-18,8.28,8.62,8.12,8.26,465500
2020-11-17,8.38,8.38,7.8,8.27,684500
2020-11-16,8.0,8.43,7.95,8.38,534900
2020-11-13,8.21,8.3,7.8,8.05,473900
2020-11-12,7.84,8.33,7.7,8.08,646900
2020-11-11,7.85,8.3,7.7,7.87,1094200
2020-11-10,7.49,7.87,7.05,7.83,950600
2020-11-09,7.38,7.43,6.8,7.11,1518100
2020-11-06,8.24,8.73,7.97,8.11,1049400
2020-11-05,8.2,8.49,7.81,8.36,648900
2020-11-04,7.9,8.3,7.9,8.18,709700
2020-11-03,7.59,8.05,7.46,7.96,635200
2020-11-02,7.71,7.85,7.23,7.53,910300
2020-10-30,7.99,8.25,7.36,7.51,666700
2020-10-29,7.5,8.09,7.37,8.04,915700
2020-10-28,8.08,8.09,7.3,7.46,1097000
2020-10-27,9.12,9.31,8.11,8.35,1129200
2020-10-26,8.7,9.22,8.47,9.03,1291500
2020-10-23,8.4,8.62,8.01,8.58,1024100
2020-10-22,7.76,8.15,7.62,8.03,835000
2020-10-21,8.27,8.62,7.58,7.61,1011200
2020-10-20,8.68,8.79,8.26,8.45,607100
2020-10-19,9.32,9.34,8.6,8.65,775500
2020-10-16,9.65,9.79,9.0,9.22,1026700
2020-10-15,9.65,10.17,9.22,9.62,2014800
2020-10-14,9.68,9.94,9.05,9.05,1222900
2020-10-13,8.49,9.52,8.49,9.44,1274700
2020-10-12,8.95,8.98,8.38,8.54,652300
2020-10-09,8.45,8.8,8.1,8.74,934600
2020-10-08,8.97,8.97,8.16,8.26,1087100
2020-10-07,7.62,8.66,7.62,8.53,1570800
2020-10-06,7.95,8.1,7.44,7.65,990200
2020-10-05,7.1,7.94,7.09,7.89,1172500
2020-10-02,6.92,7.18,6.87,7.04,496800
2020-10-01,6.95,7.16,6.84,7.05,765700
2020-09-30,7.21,7.22,6.83,6.93,1359500
2020-09-29,7.12,7.36,6.97,7.18,586100
2020-09-28,7.25,7.29,6.86,7.19,911600
2020-09-25,6.82,7.21,6.81,7.18,551600
2020-09-24,6.83,7.11,6.64,6.85,624800
2020-09-23,7.76,7.84,6.91,7.0,784400
2020-09-22,8.06,8.16,7.58,7.74,611600
2020-09-21,8.13,8.31,7.77,8.05,1070300
2020-09-18,8.42,8.71,8.13,8.49,1629300
2020-09-17,8.0,8.44,7.71,8.33,1117000
2020-09-16,7.61,8.78,7.61,8.21,2115000
2020-09-15,8.08,8.29,7.4,7.72,1989900
2020-09-14,6.84,8.27,6.84,8.09,2822300
2020-09-11,6.56,6.86,6.51,6.6,675300
2020-09-10,6.68,6.94,6.52,6.54,882800
2020-09-09,6.41,6.83,6.35,6.58,877000
2020-09-08,6.22,6.69,6.09,6.37,771700
2020-09-04,6.61,6.78,6.03,6.41,885100
2020-09-03,6.86,7.5,6.51,6.67,1400800
2020-09-02,6.68,7.17,6.26,6.97,1388100
2020-09-01,7.3,7.36,6.55,6.67,1325700
2020-08-31,7.38,7.49,7.15,7.3,1022000
2020-08-28,7.31,7.39,7.04,7.31,846400
2020-08-27,7.3,7.4,6.93,7.31,1322800
2020-08-26,7.83,7.99,7.3,7.39,1267500
2020-08-25,7.8,7.89,7.5,7.84,976600
2020-08-24,8.29,8.42,7.62,7.77,1281700
2020-08-21,8.56,8.58,7.87,8.04,1803500
2020-08-20,8.98,8.98,8.56,8.63,1099700
2020-08-19,8.74,9.32,8.56,8.92,1201600
2020-08-18,8.93,9.07,8.51,8.75,833800
2020-08-17,8.75,9.12,8.49,8.91,1308400
2020-08-14,9.1,9.24,8.75,8.85,1321600
2020-08-13,9.29,9.66,9.03,9.28,1195800
2020-08-12,9.42,9.69,8.68,9.31,1989400
2020-08-11,11.07,11.21,9.29,9.45,2401800
2020-08-10,10.64,11.53,10.38,11.27,2354700
2020-08-07,10.28,10.9,10.22,10.52,1418600
2020-08-06,10.97,11.05,10.26,10.51,1354700
2020-08-05,11.12,11.4,10.65,10.89,1817000
2020-08-04,11.8,11.99,10.87,11.07,1603300
2020-08-03,11.8,12.72,11.35,12.04,1911100
2020-07-31,13.13,13.66,11.05,11.18,2530100
2020-07-30,12.95,13.67,12.66,13.43,896500
2020-07-29,12.81,13.3,12.66,13.11,865100
2020-07-28,13.3,13.6,12.72,12.82,779900
2020-07-27,13.39,13.67,12.83,13.49,770600
2020-07-24,13.49,13.59,12.51,13.24,1051000
2020-07-23,14.95,15.19,13.51,13.66,1268300
2020-07-22,15.15,15.37,14.5,14.97,821600
2020-07-21,15.22,15.59,14.74,15.18,1123100
2020-07-20,14.11,15.7,13.91,15.36,2231500
2020-07-17,13.44,14.33,13.4,13.83,1119500
2020-07-16,13.26,13.5,12.84,13.45,924200
2020-07-15,13.99,14.27,13.16,13.77,1113100
2020-07-14,13.04,13.74,12.3,13.52,2258000
2020-07-13,13.9,14.27,13.04,13.21,1507800
2020-07-10,13.98,14.5,13.6,13.8,1037300
2020-07-09,14.79,15.34,13.45,14.09,2690600
2020-07-08,13.22,15.0,12.7,14.99,4662600
2020-07-07,12.23,12.43,11.63,12.26,1527200
2020-07-06,12.55,12.8,11.7,11.86,1958000
2020-07-02,11.77,12.08,11.17,11.99,2193600
2020-07-01,12.13,12.6,11.47,11.74,1778200
2020-06-30,11.15,13.0,11.08,12.28,4192700
2020-06-29,10.21,10.92,9.95,10.82,1893300
2020-06-26,11.15,11.5,9.55,9.95,7266800
2020-06-25,10.6,11.84,10.58,11.12,5729800
2020-06-24,11.63,12.59,11.18,12.14,2644700
2020-06-23,11.42,13.05,11.02,11.8,5066900
2020-06-22,9.71,13.11,9.25,11.13,14164700
2020-06-19,8.25,9.02,8.22,8.84,1951500
2020-06-18,7.62,8.3,7.55,8.15,1054300
2020-06-17,8.01,8.72,7.68,7.7,1725300
2020-06-16,8.38,8.55,7.54,8.05,2019900
2020-06-15,6.8,8.66,6.5,8.32,5951600
2020-06-12,7.09,7.46,6.7,6.88,2024700
2020-06-11,8.07,8.49,6.58,6.68,12608900
2020-06-10,6.45,6.63,6.03,6.21,1838200
2020-06-09,5.77,5.94,5.61,5.65,778000
2020-06-08,5.55,6.03,5.54,5.84,847900
2020-06-05,6.5,6.63,5.53,5.54,1688300
2020-06-04,7.16,7.3,6.12,6.21,2182700
2020-06-03,7.55,7.96,7.16,7.4,1592300
2020-06-02,7.59,7.76,7.13,7.49,1011400
2020-06-01,6.94,7.77,6.69,7.5,1664200
2020-05-29,6.62,6.9,6.41,6.74,1207400
2020-05-28,7.11,7.39,6.56,6.61,3121300
2020-05-27,5.51,8.34,5.1,7.58,22465000
2020-05-26,5.6,5.75,5.36,5.45,800100
2020-05-22,5.78,5.79,5.17,5.58,1012100
2020-05-21,5.06,5.8,4.93,5.72,2107400
2020-05-20,4.77,5.15,4.76,5.05,814400
2020-05-19,4.83,4.98,4.58,4.77,701300
2020-05-18,5.02,5.12,4.46,4.83,1792000
2020-05-15,4.73,4.89,4.15,4.36,1554900
2020-05-14,4.91,5.4,4.6,5.15,1049400
2020-05-13,5.15,5.25,4.47,4.88,1190100
2020-05-12,5.18,5.45,4.96,4.97,1145900
2020-05-11,4.4,5.54,4.34,5.16,2529400
2020-05-08,4.21,4.43,4.12,4.23,652700
2020-05-07,4.24,4.29,4.03,4.2,596800
2020-05-06,3.9,4.38,3.85,4.2,863900
2020-05-05,4.1,4.14,3.86,3.9,844800
2020-05-04,3.56,4.03,3.52,3.96,589000
2020-05-01,3.95,4.01,3.49,3.63,908300
2020-04-30,3.89,4.23,3.8,3.9,1211900
2020-04-29,3.65,3.89,3.58,3.78,556600
2020-04-28,4.0,4.03,3.5,3.57,819000
2020-04-27,3.7,3.97,3.61,3.89,782900
2020-04-24,3.65,3.71,3.43,3.63,693300
2020-04-23,3.49,3.69,3.4,3.55,491600
2020-04-22,3.66,3.66,3.3,3.41,909200
2020-04-21,3.58,3.7,3.35,3.54,658200
2020-04-20,3.25,3.92,3.16,3.56,1361900
2020-04-17,3.4,3.46,3.25,3.3,713200
2020-04-16,3.2,3.35,3.05,3.33,805200
2020-04-15,3.26,3.35,3.04,3.29,813600
2020-04-14,4.27,4.29,3.26,3.39,5103900
2020-04-13,2.99,3.16,2.92,3.14,789800
2020-04-09,3.06,3.09,2.91,2.99,762900
2020-04-08,2.89,3.02,2.83,2.95,778000
2020-04-07,3.09,3.14,2.79,2.85,610300
2020-04-06,2.7,3.02,2.67,3.0,680100
2020-04-03,2.66,2.84,2.52,2.6,554800
2020-04-02,2.72,2.82,2.55,2.65,500500
2020-04-01,2.84,2.96,2.66,2.72,451200
2020-03-31,3.08,3.1,2.83,2.88,736100
2020-03-30,3.18,3.2,3.07,3.14,417300
2020-03-27,3.35,3.35,3.09,3.15,488700
2020-03-26,3.03,3.75,2.97,3.47,1038700
2020-03-25,3.0,3.39,2.79,2.99,1106500
2020-03-24,3.0,3.1,2.86,2.98,701000
2020-03-23,2.92,2.93,2.66,2.82,377400
2020-03-20,3.05,3.05,2.76,2.87,401200
2020-03-19,2.78,3.0,2.64,2.91,399700
2020-03-18,3.05,3.19,2.6,2.73,515300
2020-03-17,3.0,3.32,2.8,3.28,533400
2020-03-16,2.9,3.15,2.66,3.0,720000
